commentNum,author,title,url,readNum,likeNum
,,我们的青春，是从粗糙的AV开始的,,,
,,缺少赚大钱的思维，不可能真正富裕,,,
,,你看起来还是跟刚毕业时一样，一点都没变！,,,
,,别再说你努力，你那只是瞎忙,,,
,,写作中的《刻意练习》 | 在正式开始写作之前，我们需要做些什么？（一）,,,
,,业余时间，别人变美，你却更胖了,,,
,,人人都可以创造“睡后收入”,,,
,,终有弱水替沧海，再把相思寄巫山,,,
,,说走就走的旅行，但是，别落下这些旅行必备品！,,,
,,未来十年普通人最赚钱的行业,,,
,,用我的生命去爱你,,,
,,2千块一天的课，完全掌握它需要多少久？,,,
,,那个从我青春里不辞而别的老男孩,,,
,,是什么原因，让努力的你却依旧贫穷？,,,
,,〇基础马克笔15天华丽变身插画大师！DAY8 阳春白雪，下里巴人,,,
,,【连载】把心理学写成段子——弗洛伊德 理论篇（从电影异度空间谈防御机制）,,,
,,《欢乐颂2》：我为什么喜欢一身缺点的曲筱绡,,,
,,安迪的现实爱情：女人是家庭最重要的风水,,,
,,那些没有被表白的爱情最后怎样了？,,,
,,职场还是创业都应明白：每天中午和谁吃饭，关系到薪水、职位、创业成败,,,
commentNum,author,title,url,readNum,likeNum
,,人人都可以创造“睡后收入”,,,
,,关于择偶，你可能找了一个假对象,,,
,,未来十年普通人最赚钱的行业,,,
,,我以八年规划青春，斩获欧陆名校offer！,,,
,,说走就走的旅行，但是，别落下这些旅行必备品！,,,
,,真正厉害的人，都懂得和别人的优点相处,,,
,,我们的青春，是从粗糙的AV开始的,,,
,,超效率手册，最实用的时间管理技巧推荐（1）,,,
,,用MediaPlayer+TextureView封装一个完美实现全屏、小窗口的视频播放器,,,
,,孕前准备，你知道多少？,,,
,,男生更容易被性感妖娆的坏女孩吸引吗？,,,
,,如何聪明的买买买，你真的会花钱吗？,,,
,,用我的生命去爱你,,,
,,缺少赚大钱的思维，不可能真正富裕,,,
,,写作中的《刻意练习》 | 在正式开始写作之前，我们需要做些什么？（一）,,,
,,2017，我们一起征文｜我遇见你是最美丽的意外,,,
,,年轻人啊，可别随随便便就跑去间隔年了,,,
,,【连载】把心理学写成段子——弗洛伊德 理论篇（从电影异度空间谈防御机制）,,,
,,是什么原因，让努力的你却依旧贫穷？,,,
,,没有伞的孩子，更要努力的奔跑,,,
commentNum,author,title,url,readNum,likeNum
,,人人都可以创造“睡后收入”,,,
,,关于择偶，你可能找了一个假对象,,,
,,未来十年普通人最赚钱的行业,,,
,,我以八年规划青春，斩获欧陆名校offer！,,,
,,说走就走的旅行，但是，别落下这些旅行必备品！,,,
,,真正厉害的人，都懂得和别人的优点相处,,,
,,我们的青春，是从粗糙的AV开始的,,,
,,超效率手册，最实用的时间管理技巧推荐（1）,,,
,,用MediaPlayer+TextureView封装一个完美实现全屏、小窗口的视频播放器,,,
,,孕前准备，你知道多少？,,,
,,男生更容易被性感妖娆的坏女孩吸引吗？,,,
,,如何聪明的买买买，你真的会花钱吗？,,,
,,用我的生命去爱你,,,
,,缺少赚大钱的思维，不可能真正富裕,,,
,,写作中的《刻意练习》 | 在正式开始写作之前，我们需要做些什么？（一）,,,
,,2017，我们一起征文｜我遇见你是最美丽的意外,,,
,,年轻人啊，可别随随便便就跑去间隔年了,,,
,,【连载】把心理学写成段子——弗洛伊德 理论篇（从电影异度空间谈防御机制）,,,
,,是什么原因，让努力的你却依旧贫穷？,,,
,,没有伞的孩子，更要努力的奔跑,,,
commentNum,author,title,url,readNum,likeNum
,,人人都可以创造“睡后收入”,,,
,,关于择偶，你可能找了一个假对象,,,
,,未来十年普通人最赚钱的行业,,,
,,我以八年规划青春，斩获欧陆名校offer！,,,
,,说走就走的旅行，但是，别落下这些旅行必备品！,,,
,,真正厉害的人，都懂得和别人的优点相处,,,
,,我们的青春，是从粗糙的AV开始的,,,
,,超效率手册，最实用的时间管理技巧推荐（1）,,,
,,用MediaPlayer+TextureView封装一个完美实现全屏、小窗口的视频播放器,,,
,,孕前准备，你知道多少？,,,
,,男生更容易被性感妖娆的坏女孩吸引吗？,,,
,,如何聪明的买买买，你真的会花钱吗？,,,
,,用我的生命去爱你,,,
,,缺少赚大钱的思维，不可能真正富裕,,,
,,写作中的《刻意练习》 | 在正式开始写作之前，我们需要做些什么？（一）,,,
,,2017，我们一起征文｜我遇见你是最美丽的意外,,,
,,年轻人啊，可别随随便便就跑去间隔年了,,,
,,【连载】把心理学写成段子——弗洛伊德 理论篇（从电影异度空间谈防御机制）,,,
,,是什么原因，让努力的你却依旧贫穷？,,,
,,没有伞的孩子，更要努力的奔跑,,,
commentNum,author,title,url,readNum,likeNum
,,MacBook Air即将功成身退了吗？谁又能取代它？,,,
,,人人都可以创造“睡后收入”,,,
,,关于择偶，你可能找了一个假对象,,,
,,未来十年普通人最赚钱的行业,,,
,,我以八年规划青春，斩获欧陆名校offer！,,,
,,我们的青春，是从粗糙的AV开始的,,,
,,真正厉害的人，都懂得和别人的优点相处,,,
,,说走就走的旅行，但是，别落下这些旅行必备品！,,,
,,超效率手册，最实用的时间管理技巧推荐（1）,,,
,,用MediaPlayer+TextureView封装一个完美实现全屏、小窗口的视频播放器,,,
,,孕前准备，你知道多少？,,,
,,男生更容易被性感妖娆的坏女孩吸引吗？,,,
,,如何聪明的买买买，你真的会花钱吗？,,,
,,【连载】把心理学写成段子——弗洛伊德 理论篇（从电影异度空间谈防御机制）,,,
,,缺少赚大钱的思维，不可能真正富裕,,,
,,是什么原因，让努力的你却依旧贫穷？,,,
,,用我的生命去爱你,,,
,,写作中的《刻意练习》 | 在正式开始写作之前，我们需要做些什么？（一）,,,
,,攒钱要狠，投资要早，时间要久,,,
,,移动端开发者以后的路在哪里？,,,
commentNum,author,title,url,readNum,likeNum
,,MacBook Air即将功成身退了吗？谁又能取代它？,,,
,,人人都可以创造“睡后收入”,,,
,,关于择偶，你可能找了一个假对象,,,
,,未来十年普通人最赚钱的行业,,,
,,我以八年规划青春，斩获欧陆名校offer！,,,
,,我们的青春，是从粗糙的AV开始的,,,
,,真正厉害的人，都懂得和别人的优点相处,,,
,,说走就走的旅行，但是，别落下这些旅行必备品！,,,
,,超效率手册，最实用的时间管理技巧推荐（1）,,,
,,用MediaPlayer+TextureView封装一个完美实现全屏、小窗口的视频播放器,,,
,,孕前准备，你知道多少？,,,
,,男生更容易被性感妖娆的坏女孩吸引吗？,,,
,,如何聪明的买买买，你真的会花钱吗？,,,
,,【连载】把心理学写成段子——弗洛伊德 理论篇（从电影异度空间谈防御机制）,,,
,,缺少赚大钱的思维，不可能真正富裕,,,
,,是什么原因，让努力的你却依旧贫穷？,,,
,,用我的生命去爱你,,,
,,写作中的《刻意练习》 | 在正式开始写作之前，我们需要做些什么？（一）,,,
,,攒钱要狠，投资要早，时间要久,,,
,,移动端开发者以后的路在哪里？,,,
commentNum,author,title,url,readNum,likeNum
,,MacBook Air即将功成身退了吗？谁又能取代它？,,,
,,人人都可以创造“睡后收入”,,,
,,关于择偶，你可能找了一个假对象,,,
,,未来十年普通人最赚钱的行业,,,
,,我以八年规划青春，斩获欧陆名校offer！,,,
,,我们的青春，是从粗糙的AV开始的,,,
,,真正厉害的人，都懂得和别人的优点相处,,,
,,说走就走的旅行，但是，别落下这些旅行必备品！,,,
,,超效率手册，最实用的时间管理技巧推荐（1）,,,
,,用MediaPlayer+TextureView封装一个完美实现全屏、小窗口的视频播放器,,,
,,孕前准备，你知道多少？,,,
,,男生更容易被性感妖娆的坏女孩吸引吗？,,,
,,如何聪明的买买买，你真的会花钱吗？,,,
,,【连载】把心理学写成段子——弗洛伊德 理论篇（从电影异度空间谈防御机制）,,,
,,缺少赚大钱的思维，不可能真正富裕,,,
,,是什么原因，让努力的你却依旧贫穷？,,,
,,用我的生命去爱你,,,
,,写作中的《刻意练习》 | 在正式开始写作之前，我们需要做些什么？（一）,,,
,,攒钱要狠，投资要早，时间要久,,,
,,移动端开发者以后的路在哪里？,,,
